mH1	mH2	mX	alpha	v	gx
104.53780709965832	125.09	566.421195897138	1.4723279429814098	246.21965079413738	1.1052465286758033